{"cameraMode":{"drawMode":0,"name":"Shaded","section":"Shading Mode"},"sceneLighting":true,"audioPlay":false,"sceneViewState":{"showFog":false,"showMaterialUpdate":false,"showSkybox":false,"showFlares":false,"showImageEffects":false,"showParticleSystems":false},"in2DMode":false,"pivot":{"x":5.49644136428833,"y":-30.505495071411134,"z":-55.082313537597659},"rotation":{"x":0.002328179543837905,"y":0.9701443314552307,"z":-0.24236176908016206,"w":0.009314545430243016},"size":101.75324249267578,"orthographic":false}